Date,AAPL,JPM,KO,XOM,JNJ,MSFT
2013-01-02,78.43,44.66,37.6,88.71,70.84,27.62
2013-01-03,77.44,44.57,37.6,88.55,70.74,27.25
2013-01-04,75.29,45.36,37.66,88.96,71.55,26.74
2013-01-07,74.8,45.41,37.3,87.93,71.4,26.69
2013-01-08,75.04,45.5,37.04,88.48,71.41,26.55
2013-01-09,73.87,45.47,37.03,88.14,71.73,26.7
2013-01-10,74.79,46.15,36.96,89.1,72.19,26.46
2013-01-11,74.33,46.14,36.91,89.61,72.35,26.83
2013-01-14,71.68,45.88,36.99,89.58,72.56,26.89
2013-01-15,69.42,46.35,37.32,89.53,72.37,27.21
2013-01-16,72.3,46.82,37.32,89.47,72.58,27.04
2013-01-17,71.81,46.44,37.51,90.2,72.9,27.25
2013-01-18,71.43,46.46,37.7,90.8,73.23,27.25
2013-01-22,72.11,46.54,37.13,90.92,72.69,27.15
2013-01-23,73.43,46.23,37.13,90.7,72.85,27.61
2013-01-24,64.36,46.37,37.11,91.35,73.1,27.63
2013-01-25,62.84,47.16,37.05,91.73,73.92,27.88
2013-01-28,64.26,46.64,37.01,91.11,73.62,27.91
2013-01-29,65.47,47.12,37.42,91.76,74.41,28.01
2013-01-30,65.26,47.13,37.5,90.67,74.09,27.85
2013-01-31,65.07,47.05,37.24,89.97,73.92,27.45
2013-02-01,64.8,47.85,37.54,90.04,74.18,27.93
2013-02-04,63.19,47.68,37.35,89.15,74.11,27.44
2013-02-05,65.41,48.79,38.14,89.74,74.66,27.5
2013-02-06,65.34,48.61,38.31,89.79,75.39,27.34
2013-02-07,66.89,48.23,38.91,88.25,75.06,27.28
2013-02-08,67.85,48.63,38.77,88.61,75.48,27.55
2013-02-11,68.56,48.66,38.61,88.28,75.41,27.86
2013-02-12,66.84,49.14,37.56,88.46,75.8,27.88
2013-02-13,66.72,48.68,37.21,88.67,75.66,28.03
2013-02-14,66.66,49.22,36.84,88.52,75.81,28.04
2013-02-15,65.74,48.88,37.42,88.36,76.16,28.01
2013-02-19,65.71,49.45,37.67,89.32,76.96,28.04
2013-02-20,64.12,48.61,37.73,88.97,76.65,27.87
2013-02-21,63.72,48.25,37.71,88.59,76.87,27.49
2013-02-22,64.4,48.91,38.52,89.2,76.25,27.76
2013-02-25,63.26,47.7,37.72,87.7,75.57,27.37
2013-02-26,64.14,47.6,38.11,88.51,75.75,27.37
2013-02-27,63.51,49.28,38.45,89.53,76.32,27.81
2013-02-28,63.06,48.92,38.72,89.55,76.11,27.8
2013-03-01,61.5,48.91,38.7,89.43,76.7,27.95
2013-03-04,60.01,49.1,38.82,88.95,77.2,28.15
2013-03-05,61.59,49.49,38.68,89.61,77.66,28.35
2013-03-06,60.81,50.03,39.02,89.56,77.39,28.09
2013-03-07,61.51,50.63,39.12,88.71,77.75,28.14
2013-03-08,61.67,50.2,39.22,88.97,78.19,28.0
2013-03-11,62.55,50.48,39.31,89.16,78.44,27.87
2013-03-12,61.2,50.28,38.96,89.16,78.56,27.91
2013-03-13,61.19,50.16,38.59,89.26,78.55,27.92
2013-03-14,61.79,51.0,39.02,89.83,79.1,28.14
2013-03-15,63.38,50.02,38.83,89.37,79.19,28.04
2013-03-18,65.1,49.51,38.76,88.77,78.81,28.1
2013-03-19,64.93,49.2,39.33,88.58,78.86,28.18
2013-03-20,64.58,49.12,39.87,88.63,79.45,28.32
2013-03-21,64.68,48.35,40.07,88.17,79.01,28.11
2013-03-22,65.99,48.78,40.04,89.29,79.74,28.25
2013-03-25,66.23,48.52,40.12,89.02,79.68,28.16
2013-03-26,65.88,48.64,40.69,90.13,80.85,28.16
2013-03-27,64.58,47.77,40.22,90.58,81.27,28.37
2013-03-28,63.24,47.46,40.44,90.11,81.53,28.6
2013-04-01,61.27,47.83,40.45,90.77,81.93,28.61
2013-04-02,61.4,48.28,40.72,90.58,82.69,28.8
2013-04-03,61.71,46.85,40.17,89.93,82.07,28.56
2013-04-04,61.1,47.49,40.54,89.77,82.41,28.6
2013-04-05,60.46,47.91,40.08,89.01,82.04,28.7
2013-04-08,60.89,48.58,40.86,88.6,81.11,28.59
2013-04-09,61.0,48.68,40.71,88.77,81.52,29.61
2013-04-10,62.24,49.25,41.07,88.68,82.02,30.28
2013-04-11,62.05,49.31,41.18,89.22,82.32,28.94
2013-04-12,61.4,49.01,41.08,88.99,82.74,28.79
2013-04-15,59.98,47.93,40.09,86.49,81.71,28.69
2013-04-16,60.89,48.49,42.37,86.61,83.44,28.97
2013-04-17,57.54,46.79,42.55,86.08,83.9,28.82
2013-04-18,56.01,46.64,42.1,86.62,83.18,28.79
2013-04-19,55.79,47.23,42.66,87.45,84.49,29.76
2013-04-22,56.95,47.35,42.72,88.09,84.83,30.83
2013-04-23,58.02,48.17,42.7,89.3,85.45,30.6
2013-04-24,57.92,48.72,42.15,89.43,84.39,31.76
2013-04-25,58.34,49.0,42.35,88.07,85.22,31.94
2013-04-26,59.6,48.88,42.1,88.0,85.12,31.79
2013-04-29,61.45,48.92,42.24,88.21,85.58,32.61
2013-04-30,63.25,49.01,42.33,88.99,85.23,33.1
2013-05-01,62.76,48.01,42.21,87.51,84.23,32.72
2013-05-02,63.65,48.08,41.96,88.63,85.16,33.16
2013-05-03,64.28,47.57,42.24,90.02,85.75,33.49
2013-05-06,65.82,48.18,42.08,90.58,84.68,33.75
2013-05-07,65.52,49.14,42.7,91.15,85.53,33.31
2013-05-08,66.26,49.76,42.46,91.7,85.46,32.99
2013-05-09,65.25,49.04,42.12,91.03,85.15,32.66
2013-05-10,64.71,48.96,42.15,90.14,85.76,32.69
2013-05-13,64.96,49.67,42.19,90.1,85.85,33.03
2013-05-14,63.41,50.23,42.52,91.11,86.97,33.53
2013-05-15,61.26,51.09,42.92,91.24,87.64,33.84
2013-05-16,62.08,50.97,43.09,90.7,87.45,34.08
2013-05-17,61.89,52.3,42.97,91.76,88.09,34.87
2013-05-20,63.28,52.29,42.38,92.52,88.01,35.08
2013-05-21,62.81,53.02,42.34,92.8,88.59,34.85
2013-05-22,63.05,53.63,42.25,92.19,88.46,34.61
2013-05-23,63.16,53.35,41.93,91.79,87.21,34.15
2013-05-24,63.59,53.66,42.24,91.53,86.82,34.27
2013-05-28,63.06,54.6,42.55,92.38,87.61,35.02
2013-05-29,63.56,54.67,41.4,92.08,85.65,34.88
2013-05-30,64.51,55.62,40.77,92.09,85.99,35.03
2013-05-31,64.25,54.59,39.99,90.47,84.18,34.9
2013-06-03,64.39,54.49,40.81,91.46,84.71,35.59
2013-06-04,64.19,54.04,41.42,90.79,84.1,34.99
2013-06-05,63.59,53.03,40.65,89.65,83.68,34.78
2013-06-06,62.64,53.5,40.79,90.23,84.46,34.96
2013-06-07,63.12,54.27,41.41,91.45,84.91,35.67
2013-06-10,62.7,54.36,41.18,91.12,85.14,35.47
2013-06-11,62.51,53.49,40.79,90.46,84.69,34.84
2013-06-12,61.74,53.18,40.39,89.74,83.74,35.0
2013-06-13,62.28,54.17,40.41,91.33,84.91,34.72
2013-06-14,61.44,53.13,40.34,90.58,84.91,34.4
2013-06-17,61.71,53.85,40.68,91.51,85.63,35.0
2013-06-18,61.68,54.11,40.93,91.93,86.36,34.98
2013-06-19,60.43,53.55,40.41,91.0,84.86,34.59
2013-06-20,59.55,52.48,39.13,89.05,82.62,33.49
2013-06-21,59.07,51.96,39.76,89.48,83.2,33.26
2013-06-24,57.51,50.92,39.53,88.48,84.61,33.72
2013-06-25,57.52,52.08,39.72,89.11,85.35,33.67
2013-06-26,56.87,52.5,40.33,89.8,86.99,34.35
2013-06-27,56.25,53.15,40.26,90.04,86.71,34.62
2013-06-28,56.65,52.79,40.11,90.35,85.86,34.54
2013-07-01,58.46,52.49,40.46,90.3,86.63,34.36
2013-07-02,59.78,52.8,40.37,90.64,86.57,33.94
2013-07-03,60.11,52.77,40.49,90.69,86.78,34.01
2013-07-05,59.63,53.99,40.52,91.57,87.87,34.21
2013-07-08,59.29,54.7,40.54,92.25,88.59,34.32
2013-07-09,60.34,54.89,40.83,93.34,88.88,34.35
2013-07-10,60.1,54.83,40.68,92.82,89.24,34.7
2013-07-11,61.04,55.14,41.03,93.27,89.67,35.68
2013-07-12,60.93,54.97,41.03,93.4,89.99,35.67
2013-07-15,61.06,54.89,41.01,93.25,90.4,36.17
2013-07-16,61.46,55.01,40.23,93.3,90.4,36.27
2013-07-17,61.47,55.27,40.84,93.46,90.13,35.74
2013-07-18,61.68,56.37,40.81,94.38,90.17,35.44
2013-07-19,60.71,56.16,41.09,95.17,92.23,31.4
2013-07-22,60.9,56.56,40.84,94.83,92.28,32.01
2013-07-23,59.86,56.67,40.96,95.2,92.42,31.82
2013-07-24,62.93,56.63,40.86,94.99,92.36,31.96
2013-07-25,62.64,56.5,40.84,94.97,92.57,31.39
2013-07-26,63.0,56.05,40.64,94.79,92.83,31.62
2013-07-29,63.97,55.69,40.28,94.03,93.21,31.54
2013-07-30,64.76,55.33,40.32,93.81,93.17,31.85
2013-07-31,64.65,55.73,40.08,93.75,93.5,31.84
2013-08-01,65.24,56.54,40.57,92.73,93.77,31.67
2013-08-02,66.08,56.49,40.22,91.95,94.39,31.89
2013-08-05,67.06,56.1,40.29,91.59,93.8,31.7
2013-08-06,66.46,55.49,40.37,91.47,93.81,31.58
2013-08-07,66.43,55.3,40.15,91.34,93.66,32.06
2013-08-08,65.86,54.83,40.2,91.78,93.34,32.89
2013-08-09,64.92,54.52,40.16,90.72,92.36,32.7
2013-08-12,66.77,54.09,39.83,89.89,92.0,32.87
2013-08-13,69.94,54.29,39.65,89.4,93.01,32.23
2013-08-14,71.21,54.15,39.53,88.95,90.7,32.35
2013-08-15,71.13,53.29,39.09,88.16,89.55,31.79
2013-08-16,71.76,53.29,39.05,87.91,89.37,31.8
2013-08-19,72.53,51.83,38.78,86.92,90.45,31.39
2013-08-20,71.58,52.12,38.65,86.83,89.73,31.62
2013-08-21,71.77,51.63,38.28,86.42,88.8,31.61
2013-08-22,71.85,52.21,38.31,86.98,88.26,32.39
2013-08-23,71.57,52.32,38.52,87.52,88.41,34.75
2013-08-26,71.85,51.8,38.12,87.09,87.53,34.15
2013-08-27,69.8,50.6,38.15,86.82,86.17,33.26
2013-08-28,70.13,50.58,38.35,88.84,86.53,33.02
2013-08-29,70.24,50.7,38.1,87.27,86.57,33.55
2013-08-30,69.6,50.53,38.18,87.16,86.41,33.4
2013-09-03,69.8,51.13,37.9,87.15,86.42,31.88
2013-09-04,71.24,51.87,38.54,87.76,86.9,31.2
2013-09-05,70.75,52.11,38.24,87.35,87.04,31.24
2013-09-06,71.17,52.56,38.35,87.25,87.16,31.15
2013-09-09,72.31,52.86,38.52,88.04,87.56,31.66
2013-09-10,70.66,53.67,38.63,87.82,88.53,32.39
2013-09-11,66.82,53.26,38.78,88.84,89.23,32.74
2013-09-12,67.53,52.24,38.44,87.98,89.01,32.69
2013-09-13,66.41,52.59,38.69,88.4,88.57,33.03
2013-09-16,64.3,53.14,38.86,88.67,89.03,32.8
2013-09-17,65.05,53.09,38.79,88.94,89.06,32.93
2013-09-18,66.38,53.41,39.59,89.58,89.91,33.32
2013-09-19,67.47,52.75,39.31,89.28,90.07,33.64
2013-09-20,66.77,52.8,39.4,88.66,89.68,32.79
2013-09-23,70.09,51.46,38.63,87.75,89.09,32.74
2013-09-24,69.87,50.32,38.53,87.36,88.22,32.46
2013-09-25,68.79,51.7,38.33,87.14,87.08,32.5
2013-09-26,69.46,51.89,38.74,87.07,87.07,32.77
2013-09-27,68.96,52.24,38.4,86.9,86.73,33.27
2013-09-30,68.11,51.69,37.88,86.04,86.69,33.28
2013-10-01,69.71,51.96,37.95,86.0,87.47,33.58
2013-10-02,69.94,52.09,37.43,86.08,87.29,33.92
2013-10-03,69.06,51.94,37.16,85.5,86.58,33.86
2013-10-04,69.0,52.67,37.2,86.32,87.31,33.88
2013-10-07,69.68,51.83,37.05,85.9,86.59,33.3
2013-10-08,68.71,50.87,37.28,85.51,85.61,33.01
2013-10-09,69.51,50.75,37.08,85.16,85.96,33.07
2013-10-10,69.95,52.52,37.78,86.04,87.78,33.76
2013-10-11,70.4,52.51,37.77,86.95,89.45,34.13
2013-10-14,70.86,52.71,37.91,87.6,89.8,34.45
2013-10-15,71.24,52.31,37.66,86.79,89.93,34.49
2013-10-16,71.59,54.0,38.0,87.31,91.11,34.64
2013-10-17,72.07,54.21,38.55,87.48,91.97,34.92
2013-10-18,72.7,54.3,38.78,87.55,91.63,34.96
2013-10-21,74.48,54.27,38.82,87.23,91.2,34.99
2013-10-22,74.27,53.62,39.09,87.98,92.36,34.58
2013-10-23,74.99,52.75,39.09,87.61,92.1,33.76
2013-10-24,75.99,52.48,38.8,88.42,92.35,33.72
2013-10-25,75.14,52.77,39.03,87.97,92.09,35.73
2013-10-28,75.7,52.68,39.61,88.23,92.39,35.57
2013-10-29,73.81,52.73,39.8,88.93,93.14,35.52
2013-10-30,74.98,52.6,39.62,88.81,92.79,35.54
2013-10-31,74.67,51.54,39.57,89.62,92.61,35.4
2013-11-01,74.29,52.51,39.61,89.82,93.37,35.52
2013-11-04,75.25,52.04,39.51,92.1,93.03,35.94
2013-11-05,75.06,51.95,39.5,91.99,92.81,36.64
2013-11-06,74.42,52.1,40.05,93.22,93.04,38.18
2013-11-07,73.21,51.65,39.83,91.96,92.69,37.5
2013-11-08,74.37,53.96,40.05,92.73,94.05,37.78
2013-11-11,74.15,54.1,39.87,92.96,94.29,37.59
2013-11-12,74.29,53.97,39.88,92.67,93.56,37.36
2013-11-13,74.38,54.14,40.12,92.59,93.34,38.16
2013-11-14,75.45,54.4,40.21,93.22,93.92,38.02
2013-11-15,75.0,54.87,40.22,95.27,94.39,37.84
2013-11-18,74.09,55.74,40.17,95.45,94.3,37.2
2013-11-19,74.22,56.15,40.14,95.42,94.86,36.74
2013-11-20,73.57,56.1,40.06,94.68,95.15,37.08
2013-11-21,74.45,57.22,40.43,94.69,95.2,37.4
2013-11-22,74.26,57.46,40.43,95.01,95.25,37.57
2013-11-25,74.82,57.65,40.37,95.09,95.63,37.64
2013-11-26,76.2,57.17,40.25,94.27,95.06,37.35
2013-11-27,77.99,57.48,40.19,93.8,94.98,37.6
2013-11-29,79.44,57.22,40.19,93.48,94.66,38.13
2013-12-02,78.75,56.98,40.08,93.52,94.28,38.45
2013-12-03,80.9,56.86,40.35,94.39,93.97,38.31
2013-12-04,80.71,57.19,40.37,94.67,93.63,38.94
2013-12-05,81.13,55.82,39.83,94.13,92.97,38.0
2013-12-06,80.0,56.06,40.46,95.65,94.44,38.36
2013-12-09,80.92,56.51,40.4,95.84,94.44,38.7
2013-12-10,80.79,56.7,39.85,95.71,94.14,38.11
2013-12-11,80.19,56.07,40.13,94.26,93.11,37.61
2013-12-12,80.08,56.31,39.21,95.36,91.16,37.22
2013-12-13,79.2,56.17,39.23,95.31,91.35,36.69
2013-12-16,79.64,56.42,39.27,97.22,91.37,36.88
2013-12-17,79.28,55.72,39.1,96.75,90.66,36.52
2013-12-18,78.68,57.24,40.02,99.54,92.64,36.58
2013-12-19,77.78,57.23,39.86,99.43,91.98,36.25
2013-12-20,78.43,57.7,40.04,98.68,92.09,36.8
2013-12-23,81.44,58.24,40.16,98.51,92.03,36.62
2013-12-24,81.1,58.25,40.19,99.22,92.06,37.08
2013-12-26,80.56,58.2,40.49,100.9,92.54,37.44
2013-12-27,80.01,58.14,40.66,101.51,92.35,37.29
2013-12-30,79.22,57.95,41.09,100.31,92.3,37.29
2013-12-31,80.15,58.48,41.31,101.2,91.59,37.41
2014-01-02,79.02,58.21,40.66,99.75,91.03,37.16
2014-01-03,77.28,58.66,40.46,99.51,91.85,36.91
2014-01-06,77.7,59.0,40.27,99.66,92.33,36.13
2014-01-07,77.15,58.32,40.39,101.07,94.29,36.41
2014-01-08,77.64,58.87,39.94,100.74,94.16,35.76
2014-01-09,76.65,58.76,39.73,99.76,94.73,35.53
2014-01-10,76.13,58.49,40.13,100.52,94.74,36.04
2014-01-13,76.53,57.7,39.53,98.55,94.5,34.98
2014-01-14,78.06,57.74,39.69,99.12,94.72,35.78
2014-01-15,79.62,59.49,39.76,98.78,94.8,36.76
2014-01-16,79.18,58.99,39.71,98.94,94.64,36.89
2014-01-17,77.24,58.11,39.28,99.16,95.06,36.38
2014-01-21,78.44,58.17,39.92,98.5,94.03,36.17
2014-01-22,78.79,57.59,39.9,97.88,94.32,35.93
2014-01-23,79.45,56.47,39.24,96.97,92.74,36.06
2014-01-24,78.01,55.09,38.84,94.85,90.61,36.8
2014-01-27,78.64,55.09,38.73,94.92,89.94,36.03
2014-01-28,72.36,55.74,38.87,95.65,90.1,36.27
2014-01-29,71.54,55.53,37.9,95.11,88.9,36.66
2014-01-30,71.4,56.0,38.17,93.99,89.5,36.86
2014-01-31,71.51,55.36,37.82,92.16,88.47,37.84
2014-02-03,71.65,54.31,37.2,90.05,86.78,36.48
2014-02-04,72.68,54.95,37.48,90.02,86.62,36.35
2014-02-05,73.23,55.21,37.61,89.58,87.28,35.82
2014-02-06,73.22,56.48,38.03,89.8,88.75,36.18
2014-02-07,74.24,56.62,37.95,90.58,90.04,36.56
2014-02-10,75.57,56.74,38.57,89.52,91.07,36.8
2014-02-11,76.57,57.43,38.64,90.84,92.97,37.18
2014-02-12,76.56,57.52,38.51,91.08,92.42,37.47
2014-02-13,77.78,58.03,38.65,91.43,92.56,37.61
2014-02-14,77.71,58.15,38.93,94.11,92.76,37.62
2014-02-18,78.0,58.49,37.47,94.07,92.17,37.42
2014-02-19,76.77,57.26,37.1,93.95,91.64,37.51
2014-02-20,75.88,57.58,37.3,95.37,92.38,37.75
2014-02-21,75.04,57.61,37.18,95.03,91.52,37.98
2014-02-24,75.36,58.03,37.5,96.44,91.11,37.69
2014-02-25,74.58,57.03,37.77,96.31,91.11,37.54
2014-02-26,73.91,56.75,37.87,95.79,91.11,37.47
2014-02-27,75.38,56.69,38.07,95.84,91.36,37.86
2014-02-28,75.18,56.82,38.2,96.27,92.12,38.31
2014-03-03,75.39,56.21,38.12,95.5,91.56,37.78
2014-03-04,75.89,57.26,38.31,96.52,93.34,38.41
2014-03-05,76.05,58.16,38.35,93.8,92.59,38.11
2014-03-06,75.82,58.9,38.47,93.76,92.89,38.15
2014-03-07,75.78,59.4,38.55,94.99,93.32,37.9
2014-03-10,75.85,59.2,38.65,95.5,93.45,37.82
2014-03-11,76.58,58.19,38.8,94.01,93.49,38.02
2014-03-12,76.66,57.92,38.47,94.21,93.6,38.27
2014-03-13,75.81,57.42,37.97,93.64,93.0,37.89
2014-03-14,74.96,56.8,38.17,93.47,92.81,37.7
2014-03-17,75.25,57.58,38.27,94.32,93.93,38.05
2014-03-18,75.91,58.06,38.4,94.71,93.94,39.55
2014-03-19,75.89,58.3,38.14,93.73,93.59,39.27
2014-03-20,75.53,60.11,38.45,94.58,94.12,40.33
2014-03-21,76.12,60.17,38.44,94.31,95.93,40.16
2014-03-24,77.03,61.07,38.4,94.64,95.2,40.5
2014-03-25,77.86,60.93,38.62,94.91,97.38,40.34
2014-03-26,77.11,59.9,38.61,94.7,97.05,39.79
2014-03-27,76.78,59.92,38.82,96.24,97.28,39.36
2014-03-28,76.69,60.04,38.95,97.7,97.44,40.3
2014-03-31,76.68,60.71,38.66,97.68,98.23,40.99
2014-04-01,77.38,60.67,38.41,97.73,97.94,41.42
2014-04-02,77.51,60.48,38.33,97.95,98.23,41.35
2014-04-03,76.97,60.66,38.07,97.93,98.26,41.01
2014-04-04,75.97,59.81,38.22,97.36,98.42,39.87
2014-04-07,74.78,59.0,38.62,96.78,97.89,39.8
2014-04-08,74.78,58.85,38.9,97.45,98.06,39.82
2014-04-09,75.76,59.27,38.99,97.33,98.95,40.47
2014-04-10,74.78,57.4,38.89,96.78,96.54,39.36
2014-04-11,74.23,55.3,38.63,96.72,96.87,39.21
2014-04-14,74.53,54.96,38.73,97.86,97.14,39.18
2014-04-15,73.99,54.8,40.18,98.68,99.2,39.75
2014-04-16,74.14,55.26,40.59,99.94,98.75,40.4
2014-04-17,74.99,55.22,40.72,100.42,98.96,40.01
2014-04-21,75.88,55.03,40.75,100.93,100.0,39.94
2014-04-22,75.96,55.81,40.71,100.37,100.18,39.99
2014-04-23,74.96,56.05,40.73,100.5,100.22,39.69
2014-04-24,81.11,56.19,40.7,100.01,99.96,39.86
2014-04-25,81.71,55.7,41.01,100.41,99.79,39.91
2014-04-28,84.87,55.49,41.03,101.17,101.34,40.87
2014-04-29,84.62,56.1,40.57,101.45,101.03,40.51
2014-04-30,84.3,55.98,40.79,102.41,101.29,40.4
2014-05-01,84.5,55.72,40.78,101.41,100.53,40.0
2014-05-02,84.65,55.58,40.95,102.01,99.31,39.69
2014-05-05,85.85,54.22,40.76,102.91,100.0,39.43
2014-05-06,84.92,53.34,40.49,102.67,99.51,39.06
2014-05-07,84.62,54.05,40.91,103.11,100.91,39.42
2014-05-08,84.0,54.36,40.73,102.32,100.5,39.64
2014-05-09,83.65,54.01,40.87,101.95,100.91,39.54
2014-05-12,84.69,54.65,40.82,102.23,100.52,39.97
2014-05-13,84.82,54.62,41.11,102.36,101.02,40.42
2014-05-14,84.84,54.36,40.89,102.29,100.87,40.24
2014-05-15,84.12,53.51,40.52,100.78,100.69,39.6
2014-05-16,85.36,53.31,40.89,100.74,100.58,39.83
2014-05-19,86.37,53.83,40.71,100.87,100.64,39.75
2014-05-20,86.39,53.72,40.58,100.67,100.25,39.68
2014-05-21,86.62,54.12,40.87,102.03,101.14,40.35
2014-05-22,86.75,54.55,40.58,101.5,100.96,40.1
2014-05-23,87.73,54.53,40.58,101.32,100.98,40.12
2014-05-27,89.38,55.14,40.77,101.36,100.81,40.19
2014-05-28,89.14,55.45,40.58,101.06,100.3,40.01
2014-05-29,90.77,55.72,40.66,101.27,100.76,40.34
2014-05-30,90.43,55.57,40.91,100.53,101.46,40.94
2014-06-02,89.81,55.35,40.86,99.94,102.17,40.79
2014-06-03,91.08,55.6,40.88,100.39,102.46,40.29
2014-06-04,92.12,55.68,40.79,100.04,102.68,40.32
2014-06-05,92.48,56.63,40.89,100.55,103.22,41.21
2014-06-06,92.22,56.97,40.99,101.6,103.18,41.48
2014-06-09,93.7,57.42,40.91,101.52,103.22,41.27
2014-06-10,94.25,57.9,41.07,101.46,104.1,41.11
2014-06-11,93.86,57.27,40.86,101.95,103.32,40.86
2014-06-12,92.29,57.04,40.42,101.66,102.53,40.58
2014-06-13,91.28,57.04,40.37,102.65,102.53,41.23
2014-06-16,92.2,56.87,40.66,102.92,102.45,41.5
2014-06-17,92.08,57.42,40.92,102.42,101.93,41.68
2014-06-18,92.18,57.78,41.56,102.73,102.81,41.65
2014-06-19,91.86,57.3,41.79,102.63,103.81,41.51
2014-06-20,90.91,57.55,41.69,103.83,105.27,41.68
2014-06-23,90.83,58.19,41.73,104.38,104.75,41.99
2014-06-24,90.28,57.42,41.85,102.73,104.59,41.74
2014-06-25,90.36,57.53,41.96,102.14,105.76,42.03
2014-06-26,90.9,57.39,42.03,102.03,105.65,41.72
2014-06-27,91.98,57.53,42.19,101.21,104.99,42.25
2014-06-30,92.93,57.62,42.36,100.68,104.62,41.7
2014-07-01,93.52,57.57,42.29,101.36,105.87,41.87
2014-07-02,93.48,56.97,42.29,101.57,105.86,41.9
2014-07-03,94.03,57.05,42.23,102.59,105.42,41.8
2014-07-07,95.97,56.67,42.14,102.65,106.47,41.99
2014-07-08,95.35,55.76,41.94,102.83,105.72,41.78
2014-07-09,95.39,56.02,41.95,103.55,106.04,41.67
2014-07-10,95.04,55.56,42.26,102.57,105.8,41.68
2014-07-11,95.22,55.8,41.97,101.74,105.1,42.09
2014-07-14,96.45,56.29,42.38,102.68,105.38,42.14
2014-07-15,95.32,58.27,42.1,102.39,103.28,42.45
2014-07-16,94.78,58.71,42.12,103.77,102.22,44.08
2014-07-17,93.09,57.86,42.02,102.31,100.37,44.53
2014-07-18,94.43,58.23,42.43,102.73,101.8,44.69
2014-07-21,93.94,58.24,42.4,103.08,101.27,44.84
2014-07-22,94.72,58.67,41.19,103.54,102.47,44.83
2014-07-23,97.19,59.0,40.81,104.25,102.19,44.87
2014-07-24,97.03,59.17,40.97,104.28,102.2,44.4
2014-07-25,97.67,59.01,41.0,103.18,102.11,44.5
2014-07-28,99.02,59.19,40.68,104.37,102.11,43.97
2014-07-29,98.38,58.64,40.35,103.55,101.96,43.88
2014-07-30,98.15,58.91,39.62,103.25,102.3,43.58
2014-07-31,95.6,57.67,39.29,98.94,100.09,43.16
2014-08-01,96.13,56.48,39.29,98.8,99.9,42.86
2014-08-04,95.59,56.65,39.4,100.13,100.16,43.37
2014-08-05,95.12,56.06,39.18,98.2,99.82,43.08
2014-08-06,94.96,56.23,39.92,98.98,100.71,42.74
2014-08-07,94.48,55.91,39.35,98.27,99.93,43.23
2014-08-08,94.74,56.34,39.45,99.74,101.08,43.2
2014-08-11,95.99,56.32,39.57,98.73,101.16,43.2
2014-08-12,95.97,56.35,39.68,98.49,100.63,43.52
2014-08-13,97.24,56.72,39.94,99.09,101.74,44.08
2014-08-14,97.5,56.98,40.18,99.09,102.02,44.27
2014-08-15,97.98,56.75,40.88,99.03,101.17,44.79
2014-08-18,99.16,57.23,41.35,99.52,102.7,45.11
2014-08-19,100.53,57.56,41.26,99.49,102.96,45.33
2014-08-20,100.57,57.64,41.25,99.7,103.21,44.95
2014-08-21,100.58,58.5,41.41,99.28,104.19,45.22
2014-08-22,101.32,58.49,41.12,98.5,103.1,45.15
2014-08-25,101.54,59.34,41.41,98.75,103.23,45.17
2014-08-26,100.89,59.74,41.6,99.64,103.44,45.0
2014-08-27,102.13,59.59,41.6,99.53,103.22,44.87
2014-08-28,102.25,59.16,41.63,99.57,102.95,44.88
2014-08-29,102.5,59.45,41.72,99.46,103.73,45.43
2014-09-02,103.3,59.67,41.64,98.49,103.36,45.09
2014-09-03,98.94,59.7,41.78,99.11,103.76,44.96
2014-09-04,98.12,59.71,41.87,98.36,103.84,45.26
2014-09-05,98.97,59.91,41.84,99.26,104.42,45.91
2014-09-08,98.36,59.89,41.78,97.77,104.05,46.47
2014-09-09,97.99,59.06,41.94,97.39,103.8,46.76
2014-09-10,101.0,59.22,42.17,96.81,104.99,46.84
2014-09-11,101.43,59.76,41.95,97.03,104.55,47.0
2014-09-12,101.66,60.03,41.46,95.78,104.58,46.7
2014-09-15,101.63,59.94,41.5,96.29,104.72,46.24
2014-09-16,100.86,59.99,41.64,97.43,105.88,46.76
2014-09-17,101.58,60.31,41.61,97.08,106.19,46.52
2014-09-18,101.79,61.32,41.79,96.61,107.35,46.68
2014-09-19,100.96,61.11,42.05,97.12,107.99,47.52
2014-09-22,101.06,60.91,42.22,96.54,107.88,47.06
2014-09-23,102.64,60.94,41.89,96.03,107.46,46.56
2014-09-24,101.75,61.63,42.27,95.82,108.64,47.08
2014-09-25,97.87,60.15,41.78,94.25,107.1,46.04
2014-09-26,100.75,60.56,42.2,95.43,107.1,46.41
2014-09-29,100.11,60.33,42.25,94.43,106.54,46.44
2014-09-30,100.75,60.24,42.66,94.05,106.59,46.36
2014-10-01,99.18,59.77,42.74,92.86,104.3,45.9
2014-10-02,99.9,58.84,42.66,93.3,103.85,45.76
2014-10-03,99.62,60.3,43.0,93.92,105.13,46.09
2014-10-06,99.62,60.18,43.6,94.52,104.86,46.09
2014-10-07,98.75,59.27,43.92,93.37,102.39,45.53
2014-10-08,100.8,60.4,44.55,94.61,104.91,46.78
2014-10-09,101.02,59.08,43.87,91.82,102.08,45.85
2014-10-10,100.73,58.52,44.47,91.6,101.23,44.03
2014-10-13,99.81,58.16,44.07,90.84,99.12,43.65
2014-10-14,98.75,57.99,43.64,90.55,97.01,43.73
2014-10-15,97.54,55.53,43.23,90.22,98.21,43.22
2014-10-16,96.26,55.08,42.56,90.6,96.78,42.74
2014-10-17,97.67,56.2,42.88,91.21,98.7,43.63
2014-10-20,99.76,56.63,43.29,91.77,99.2,44.08
2014-10-21,102.47,57.93,40.68,93.65,100.36,44.88
2014-10-22,102.99,57.45,40.62,93.13,101.22,44.38
2014-10-23,104.83,58.06,40.86,94.11,102.63,45.02
2014-10-24,105.22,58.74,41.03,94.49,103.13,46.13
2014-10-27,105.11,58.64,40.76,93.71,104.07,45.91
2014-10-28,106.74,59.63,40.56,95.1,104.79,46.49
2014-10-29,107.34,59.29,40.96,94.59,105.56,46.62
2014-10-30,106.98,59.39,41.4,94.45,107.04,46.05
2014-10-31,108.0,60.48,41.88,96.71,107.78,46.95
2014-11-03,109.4,60.88,41.81,95.26,107.46,47.44
2014-11-04,108.6,60.25,41.82,94.52,108.62,47.57
2014-11-05,108.86,61.15,42.31,95.07,108.82,47.86
2014-11-06,108.7,61.23,42.29,96.26,109.01,48.7
2014-11-07,109.01,61.47,42.32,96.59,108.2,48.68
2014-11-10,108.83,61.93,42.39,96.28,108.82,48.89
2014-11-11,109.7,61.37,42.51,96.41,108.91,48.87
2014-11-12,111.25,60.56,42.71,95.38,108.75,48.78
2014-11-13,112.82,60.23,42.79,94.66,109.07,49.61
2014-11-14,114.18,60.28,42.73,95.09,108.16,49.58
2014-11-17,113.99,60.38,42.92,95.11,108.3,49.46
2014-11-18,115.47,60.53,43.53,94.87,108.83,48.74
2014-11-19,114.67,60.6,44.22,95.61,108.76,48.22
2014-11-20,116.31,60.12,44.25,95.82,108.18,48.7
2014-11-21,116.47,60.45,44.5,96.81,107.86,47.98
2014-11-24,118.62,60.96,44.27,95.72,106.88,47.59
2014-11-25,117.6,60.3,44.43,94.78,106.7,47.47
2014-11-26,119.0,60.34,44.29,94.48,107.21,47.75
2014-11-28,118.93,60.16,44.83,90.54,108.25,47.81
2014-12-01,115.07,60.0,44.55,92.35,108.03,48.62
2014-12-02,114.63,61.08,44.54,94.19,108.51,48.46
2014-12-03,115.93,61.54,43.8,94.95,107.72,48.08
2014-12-04,115.49,61.38,43.5,94.37,107.56,48.84
2014-12-05,115.0,62.7,43.53,93.82,108.51,48.42
2014-12-08,112.4,62.67,43.14,91.7,108.52,47.7
2014-12-09,114.12,62.45,42.04,91.38,108.05,47.59
2014-12-10,111.95,60.68,41.6,88.67,106.24,46.9
2014-12-11,111.62,61.14,41.53,89.2,106.72,47.17
2014-12-12,109.73,60.04,40.91,86.6,104.43,46.95
2014-12-15,108.22,59.16,40.57,86.9,103.96,46.67
2014-12-16,106.74,58.43,40.39,86.41,102.76,45.16
2014-12-17,109.41,59.77,41.55,89.02,104.07,45.74
2014-12-18,112.65,61.48,42.39,91.16,106.81,47.52
2014-12-19,111.78,61.93,41.95,93.64,105.55,47.66
2014-12-22,112.94,61.94,42.35,93.33,106.74,47.98
2014-12-23,112.54,62.48,42.97,94.59,104.28,48.45
2014-12-24,112.01,62.48,42.94,93.78,104.59,48.14
2014-12-26,113.99,62.55,42.96,93.21,105.06,47.88
2014-12-29,113.91,62.96,42.86,93.07,105.33,47.45
2014-12-30,112.52,63.15,42.76,93.02,105.36,47.02
2014-12-31,110.38,62.58,42.22,92.45,104.57,46.45
2015-01-02,109.33,62.49,42.14,92.83,104.52,46.76
2015-01-05,106.25,60.55,42.14,90.29,103.79,46.32
2015-01-06,106.26,58.98,42.46,89.81,103.28,45.65
2015-01-07,107.75,59.07,42.99,90.72,105.56,46.23
2015-01-08,111.89,60.39,43.51,92.23,106.39,47.59
2015-01-09,112.01,59.34,43.03,92.1,104.94,47.19
2015-01-12,109.25,58.83,42.64,90.33,104.58,46.6
2015-01-13,110.22,58.84,42.63,90.0,104.76,46.36
2015-01-14,109.8,56.81,42.56,89.74,104.0,45.96
2015-01-15,106.82,54.99,42.38,88.96,102.49,45.48
2015-01-16,105.99,55.93,42.53,91.12,104.04,46.24
2015-01-20,108.72,55.71,43.16,91.09,101.29,46.39
2015-01-21,109.55,55.89,43.36,91.87,101.9,45.92
2015-01-22,112.4,57.59,43.78,92.87,103.76,47.13
2015-01-23,112.98,56.68,43.31,90.89,102.2,47.18
2015-01-26,113.1,56.77,43.0,91.76,102.26,47.01
2015-01-27,109.14,56.2,42.39,90.95,102.09,42.66
2015-01-28,115.31,54.75,41.92,87.95,101.48,41.19
2015-01-29,118.9,55.67,42.1,87.58,102.38,42.01
2015-01-30,117.16,54.38,41.17,87.42,100.14,40.4
2015-02-02,118.63,55.47,41.59,89.58,100.83,41.28
2015-02-03,118.65,56.72,41.63,92.25,102.46,41.6
2015-02-04,119.56,56.38,41.68,91.46,101.36,41.84
2015-02-05,119.94,56.77,41.79,92.36,102.46,42.45
2015-02-06,118.93,57.89,41.45,91.5,101.1,42.41
2015-02-09,119.72,57.82,41.23,91.56,99.78,42.36
2015-02-10,122.02,58.46,42.4,91.01,100.35,42.6
2015-02-11,124.88,58.37,42.37,90.6,100.38,42.38
2015-02-12,126.46,59.57,42.17,92.37,98.44,43.09
2015-02-13,127.08,59.67,41.99,93.37,99.62,43.87
2015-02-17,127.83,60.1,41.81,93.05,100.44,43.58
2015-02-18,128.72,59.37,41.73,91.01,99.96,43.53
2015-02-19,128.45,59.23,42.11,89.44,100.7,43.5
2015-02-20,129.5,59.8,41.97,89.92,100.26,43.86
2015-02-23,133.0,59.35,41.85,89.01,100.18,44.15
2015-02-24,132.17,60.82,42.13,89.42,100.7,44.09
2015-02-25,128.79,61.14,42.05,89.6,101.21,43.99
2015-02-26,130.42,61.58,42.46,88.65,102.8,44.06
2015-02-27,128.46,61.28,43.3,88.54,102.51,43.85
2015-03-02,129.09,61.77,43.2,88.04,103.22,43.88
2015-03-03,129.36,61.97,42.95,87.62,102.34,43.28
2015-03-04,128.54,62.13,42.5,87.18,101.65,43.06
2015-03-05,126.41,62.0,42.4,86.74,102.52,43.11
2015-03-06,126.6,60.89,41.52,85.63,100.11,42.36
2015-03-09,127.14,61.5,41.39,85.16,100.66,42.85
2015-03-10,124.51,59.96,40.69,84.26,99.53,42.03
2015-03-11,122.24,60.24,40.1,84.02,98.32,41.98
2015-03-12,124.45,61.37,40.57,84.22,99.83,41.02
2015-03-13,123.59,61.0,39.91,83.87,99.21,41.38
2015-03-16,124.95,61.85,40.29,84.76,101.06,41.56
2015-03-17,127.04,61.61,40.51,84.08,99.89,41.7
2015-03-18,128.47,61.75,40.6,86.07,101.46,42.5
2015-03-19,127.5,61.2,40.02,84.41,101.69,42.28
2015-03-20,125.9,61.75,40.65,84.54,102.4,42.88
2015-03-23,127.21,61.14,40.62,85.43,102.98,42.86
2015-03-24,126.69,60.46,40.47,84.52,101.96,42.9
2015-03-25,123.38,59.61,40.45,84.86,100.34,41.46
2015-03-26,124.24,59.54,40.35,84.32,100.14,41.21
2015-03-27,123.25,59.55,40.08,83.58,100.34,40.97
2015-03-30,126.37,60.96,40.51,85.63,101.55,40.96
2015-03-31,124.43,60.58,40.55,85.0,100.6,40.66
2015-04-01,124.25,59.95,40.68,84.46,99.15,40.72
2015-04-02,125.32,60.52,40.68,84.3,99.64,40.29
2015-04-06,127.35,60.47,41.17,85.13,99.16,41.54
2015-04-07,126.01,60.85,41.01,85.75,100.1,41.53
2015-04-08,125.6,61.05,40.89,84.06,100.16,41.42
2015-04-09,126.56,61.47,41.05,84.65,101.33,41.48
2015-04-10,127.1,61.7,40.88,85.56,102.06,41.72
2015-04-13,126.85,62.07,40.7,85.34,100.55,41.76
2015-04-14,126.3,63.04,40.51,86.63,100.52,41.65
2015-04-15,126.78,64.21,40.4,88.08,100.6,42.26
2015-04-16,126.17,63.81,40.6,87.73,99.79,42.16
2015-04-17,124.75,62.84,40.3,86.93,99.58,41.62
2015-04-20,127.6,63.24,40.66,87.24,100.21,42.9
2015-04-21,126.91,62.31,40.78,86.88,100.3,42.64
2015-04-22,128.62,62.94,41.31,87.46,100.43,42.98
2015-04-23,129.67,62.8,40.95,87.54,100.46,43.34
2015-04-24,130.28,62.6,40.89,86.97,101.08,47.87
2015-04-27,132.65,62.34,40.83,87.01,100.58,48.03
2015-04-28,130.56,62.76,40.77,87.8,100.74,49.16
2015-04-29,128.64,63.6,40.49,87.87,100.39,49.06
2015-04-30,125.15,63.26,40.56,87.37,99.2,48.64
2015-05-01,128.95,63.61,40.91,88.85,100.13,48.66
2015-05-04,128.7,64.72,40.96,89.11,100.35,48.24
2015-05-05,125.8,64.4,40.75,88.61,99.5,47.6
2015-05-06,125.01,63.92,40.66,88.19,99.17,46.28
2015-05-07,125.26,64.5,40.7,87.6,99.66,46.7
2015-05-08,127.62,65.49,40.98,88.99,101.47,47.75
2015-05-11,126.32,65.45,40.94,86.78,101.03,47.37
2015-05-12,125.86,65.36,40.69,87.02,100.47,47.35
2015-05-13,126.01,65.52,41.05,86.56,100.55,47.62
2015-05-14,128.95,66.05,41.5,86.97,101.83,48.72
2015-05-15,128.77,65.88,41.52,87.35,102.3,48.3
2015-05-18,130.19,66.42,41.32,86.85,103.42,48.01
2015-05-19,130.07,67.01,41.31,86.99,103.96,47.58
2015-05-20,130.06,66.48,41.35,87.13,103.6,47.58
2015-05-21,131.39,66.65,41.23,87.21,102.42,47.42
2015-05-22,132.54,66.47,41.21,86.52,101.35,46.9
2015-05-26,129.62,65.73,40.99,85.35,100.82,46.59
2015-05-27,132.04,66.47,41.12,85.11,101.13,47.61
2015-05-28,131.78,66.2,41.14,85.11,101.15,47.45
2015-05-29,130.28,65.78,40.96,85.2,100.14,46.86
2015-06-01,130.54,66.08,40.94,85.13,100.04,47.23
2015-06-02,129.96,66.02,40.99,85.14,99.98,46.92
2015-06-03,130.12,66.7,40.87,84.95,100.09,46.85
2015-06-04,129.36,66.33,40.59,84.22,99.23,46.36
2015-06-05,128.65,67.42,40.1,84.28,98.59,46.14
2015-06-08,127.8,66.89,40.16,84.85,97.96,45.73
2015-06-09,127.42,67.18,40.2,84.58,98.21,45.65
2015-06-10,128.88,68.26,40.33,85.21,98.88,46.61
2015-06-11,128.59,68.52,40.1,85.09,99.24,46.44
2015-06-12,127.17,68.25,39.96,84.02,98.35,45.97
2015-06-15,126.92,67.99,39.59,83.72,97.49,45.48
2015-06-16,127.6,68.37,40.08,84.68,98.36,45.83
2015-06-17,127.3,68.14,40.27,84.73,98.73,45.97
2015-06-18,127.88,68.78,40.65,85.48,100.36,46.72
2015-06-19,126.6,68.08,40.4,85.21,99.86,46.1
2015-06-22,127.61,68.96,40.48,85.17,100.09,46.23
2015-06-23,127.03,69.75,40.38,85.07,99.78,45.91
2015-06-24,128.11,69.02,40.19,84.68,99.33,45.64
2015-06-25,127.5,68.65,40.02,83.93,99.12,45.65
2015-06-26,126.75,68.95,40.0,83.86,99.64,45.26
2015-06-29,124.53,67.2,39.4,82.82,97.68,44.37
2015-06-30,125.42,67.76,39.23,83.2,97.46,44.15
2015-07-01,126.6,68.07,39.5,82.37,98.47,44.44
2015-07-02,126.44,67.52,39.49,83.14,98.44,44.4
2015-07-06,126.0,67.33,39.42,82.53,98.2,44.39
2015-07-07,125.69,66.8,40.25,82.87,98.92,44.3
2015-07-08,122.57,65.43,39.86,81.97,97.77,44.24
2015-07-09,120.07,66.11,39.92,81.6,98.4,44.52
2015-07-10,123.28,67.05,40.39,82.22,99.53,44.61
2015-07-13,125.66,68.09,40.66,82.42,100.27,45.54
2015-07-14,125.61,69.04,41.17,83.11,99.78,45.62
2015-07-15,126.82,69.19,41.13,82.76,100.42,45.76
2015-07-16,128.51,69.56,41.48,82.91,101.11,46.66
2015-07-17,129.62,69.21,41.25,82.61,100.08,46.62
2015-07-20,132.07,69.26,41.38,81.76,100.37,46.92
2015-07-21,130.75,69.1,41.19,81.66,100.34,47.28
2015-07-22,125.22,70.08,40.9,81.79,100.18,45.54
2015-07-23,125.16,69.64,40.84,81.14,100.2,46.11
2015-07-24,124.5,68.91,40.44,79.94,99.15,45.94
2015-07-27,122.77,68.01,40.54,79.26,98.28,45.35
2015-07-28,123.38,68.05,40.55,82.48,99.02,45.34
2015-07-29,122.99,68.94,40.59,83.14,99.73,46.29
2015-07-30,122.37,69.04,40.56,83.01,99.84,46.88
2015-07-31,121.3,68.53,41.08,79.21,100.21,46.7
2015-08-03,118.44,68.53,41.54,78.06,100.02,46.81
2015-08-04,114.64,68.46,41.85,77.17,99.8,47.54
2015-08-05,115.4,68.73,42.12,77.17,100.52,47.58
2015-08-06,115.13,68.25,41.92,78.09,99.07,46.62
2015-08-07,115.52,68.05,41.77,76.83,98.85,46.74
2015-08-10,119.72,68.89,41.68,78.75,99.79,47.33
2015-08-11,113.49,68.23,41.48,77.49,99.01,46.41
2015-08-12,115.24,67.24,41.26,78.79,98.71,46.74
2015-08-13,115.15,67.55,41.1,78.65,98.48,46.73
2015-08-14,115.96,67.89,41.25,78.36,98.81,47.0
2015-08-17,117.16,68.07,41.35,78.77,99.87,47.32
2015-08-18,116.5,68.21,41.3,77.9,99.37,47.27
2015-08-19,115.01,67.6,40.78,76.23,99.31,46.61
2015-08-20,112.65,65.94,40.55,74.57,98.79,45.66
2015-08-21,105.76,63.6,39.53,72.13,95.56,43.07
2015-08-24,103.12,60.25,38.38,68.72,92.82,41.68
2015-08-25,103.74,59.91,37.99,68.71,90.73,40.47
2015-08-26,109.69,62.91,38.73,72.5,95.11,42.71
2015-08-27,112.92,64.48,39.27,74.85,96.22,43.9
2015-08-28,113.29,64.13,39.45,75.07,95.17,43.93
2015-08-31,112.76,64.1,39.32,75.24,93.98,43.52
2015-09-01,107.72,61.45,38.75,72.08,92.09,41.82
2015-09-02,112.34,62.57,38.9,73.23,93.35,43.36
2015-09-03,110.37,62.68,39.16,73.79,92.64,43.5
2015-09-04,109.27,61.5,38.52,72.46,91.31,42.61
2015-09-08,112.31,63.16,38.9,73.5,93.94,43.89
2015-09-09,110.15,62.18,38.3,72.0,92.22,43.07
2015-09-10,112.57,62.66,38.42,72.52,92.72,43.29
2015-09-11,114.21,62.56,38.13,72.69,92.93,43.48
2015-09-14,115.31,62.38,38.1,72.49,93.32,43.04
2015-09-15,116.28,63.58,38.5,72.86,94.4,43.98
2015-09-16,116.41,64.14,39.15,74.3,94.61,44.3
2015-09-17,113.92,62.65,39.38,74.46,94.84,44.25
2015-09-18,113.45,60.94,38.98,72.68,93.39,43.48
2015-09-21,115.21,61.45,39.19,73.39,93.13,44.11
2015-09-22,113.4,60.91,38.79,72.74,93.24,43.9
2015-09-23,114.32,60.64,38.76,72.3,92.99,43.87
2015-09-24,115.0,60.22,39.15,72.73,92.48,43.91
2015-09-25,114.71,61.47,39.62,73.23,91.0,43.94
2015-09-28,112.44,59.98,39.53,72.6,91.37,43.29
2015-09-29,109.06,59.84,39.66,72.97,93.04,43.44
2015-09-30,110.3,60.97,40.12,74.35,93.35,44.26
2015-10-01,109.58,61.42,39.8,74.06,93.17,44.61
2015-10-02,110.38,60.81,40.39,75.88,93.93,45.57
2015-10-05,110.78,62.02,41.01,76.81,94.76,46.63
2015-10-06,111.31,62.05,40.96,77.89,93.42,46.75
2015-10-07,110.78,62.13,41.52,79.2,94.98,46.8
2015-10-08,109.5,62.13,41.98,80.03,95.08,47.45
2015-10-09,112.12,61.93,42.02,79.26,95.37,47.11
2015-10-12,111.6,61.72,42.0,79.3,95.99,47.0
2015-10-13,111.79,61.55,41.65,79.16,95.45,46.89
2015-10-14,110.21,59.99,41.68,80.16,94.53,46.68
2015-10-15,111.86,61.89,41.92,81.48,97.15,47.01
2015-10-16,111.04,62.43,42.02,82.48,98.24,47.51
2015-10-19,111.73,62.22,41.99,80.99,97.94,47.62
2015-10-20,113.77,62.52,42.29,80.83,97.59,47.77
2015-10-21,113.76,62.06,42.19,80.21,97.63,47.2
2015-10-22,115.5,63.19,43.24,82.89,99.53,48.03
2015-10-23,119.08,63.87,42.79,82.98,100.31,52.87
2015-10-26,115.28,63.9,42.59,81.22,99.94,54.25
2015-10-27,114.55,63.64,42.61,81.09,100.19,53.69
2015-10-28,119.27,65.5,42.73,82.28,100.48,53.98
2015-10-29,120.53,65.21,42.79,82.23,101.37,53.36
2015-10-30,119.5,64.25,42.35,82.74,101.03,52.64
2015-11-02,121.18,65.54,42.24,85.28,102.17,53.24
2015-11-03,122.57,65.78,42.16,86.85,101.96,54.15
2015-11-04,122.0,65.85,41.97,85.98,101.94,54.4
2015-11-05,120.92,66.44,42.33,84.81,102.33,54.38
2015-11-06,121.06,68.46,41.96,84.47,101.92,54.92
2015-11-09,120.57,67.39,41.54,81.95,100.84,54.16
2015-11-10,116.77,67.68,41.77,82.35,101.45,53.51
2015-11-11,116.11,67.35,42.04,81.62,101.86,53.65
2015-11-12,115.72,66.0,41.58,79.41,100.27,53.32
2015-11-13,112.34,65.56,41.38,78.1,99.88,52.84
2015-11-16,114.18,66.51,41.96,80.9,101.22,53.76
2015-11-17,113.69,66.13,41.67,79.96,101.5,52.97
2015-11-18,117.29,67.45,42.28,80.74,102.67,53.85
2015-11-19,118.78,67.66,43.11,80.3,102.49,53.94
2015-11-20,119.3,67.54,42.43,79.79,102.48,54.19
2015-11-23,117.75,66.88,42.96,80.28,102.77,54.19
2015-11-24,118.88,66.78,43.36,81.88,102.04,54.25
2015-11-25,118.03,66.86,43.36,81.25,101.96,53.69
2015-11-27,117.81,67.17,43.15,81.23,102.37,53.93
2015-11-30,118.3,66.68,42.62,81.66,101.24,54.35
2015-12-01,117.34,67.61,42.89,81.89,102.36,55.22
2015-12-02,116.28,66.66,42.77,79.55,102.05,55.21
2015-12-03,115.2,65.8,42.46,78.41,100.79,54.2
2015-12-04,119.03,67.89,43.29,78.86,102.95,55.91
2015-12-07,118.28,67.0,43.2,76.8,103.32,55.81
2015-12-08,118.23,65.96,43.01,74.63,102.42,55.79
2015-12-09,115.62,65.46,42.66,75.63,102.15,54.98
2015-12-10,116.17,65.61,42.76,75.69,102.64,55.27
2015-12-11,113.18,64.07,42.27,74.34,101.68,54.06
2015-12-14,112.48,64.27,42.45,76.03,102.15,55.14
2015-12-15,110.49,66.1,43.07,79.43,104.13,55.2
2015-12-16,111.34,67.53,43.84,79.15,105.25,56.13
2015-12-17,108.98,66.28,43.49,77.96,103.64,55.7
2015-12-18,106.03,64.4,42.5,77.28,101.95,54.13
2015-12-21,107.33,65.54,42.78,77.26,101.58,54.83
2015-12-22,107.23,65.68,43.29,77.65,102.71,55.35
2015-12-23,108.61,66.73,43.67,80.19,103.49,55.82
2015-12-24,108.03,66.6,43.54,79.33,103.72,55.67
2015-12-28,106.82,66.38,43.49,78.74,103.22,55.95
2015-12-29,108.74,67.07,43.71,79.16,104.03,56.55
2015-12-30,107.32,66.59,43.57,78.11,103.78,56.31
2015-12-31,105.26,66.03,42.96,77.95,102.72,55.48
2016-01-04,105.35,63.62,42.4,77.46,100.48,54.8
2016-01-05,102.71,63.73,42.55,78.12,100.9,55.05
2016-01-06,100.7,62.81,42.32,77.47,100.39,54.05
2016-01-07,96.45,60.27,41.62,76.23,99.22,52.17
2016-01-08,96.96,58.92,41.51,74.69,98.16,52.33
2016-01-11,98.53,58.83,41.58,73.69,97.57,52.3
2016-01-12,99.96,58.96,42.12,75.2,98.24,52.78
2016-01-13,97.39,57.34,41.85,75.65,97.02,51.64
2016-01-14,99.52,58.2,41.88,79.12,98.89,53.11
2016-01-15,97.13,57.04,41.5,77.58,97.0,50.99
2016-01-19,96.66,57.01,41.92,76.4,97.5,50.56
2016-01-20,96.79,55.51,41.38,73.18,95.75,50.79
2016-01-21,96.3,55.25,41.39,74.1,95.94,50.48
2016-01-22,101.42,56.95,42.06,76.57,96.75,52.29
2016-01-25,99.44,55.66,42.16,73.98,96.4,51.79
2016-01-26,99.99,57.08,42.08,76.7,101.18,52.17
2016-01-27,93.42,57.04,42.09,75.29,102.16,51.22
2016-01-28,94.09,57.28,42.57,76.99,102.27,52.06
2016-01-29,97.34,59.5,42.92,77.85,104.44,55.09
2016-02-01,96.43,58.86,43.0,76.29,104.37,54.71
2016-02-02,94.48,57.03,42.44,74.59,103.41,53.0
2016-02-03,96.35,57.41,42.72,78.48,104.14,52.16
2016-02-04,96.6,58.4,42.53,79.83,103.9,52.0
2016-02-05,94.02,57.75,42.44,80.08,100.54,50.16
2016-02-08,95.01,56.54,42.65,81.16,102.0,49.41
2016-02-09,94.99,56.2,43.3,80.08,101.97,49.28
2016-02-10,94.27,55.52,42.55,79.35,101.73,49.71
2016-02-11,93.7,53.07,42.41,79.6,101.7,49.69
2016-02-12,93.99,57.49,43.11,81.03,101.82,50.5
2016-02-16,96.64,58.35,43.36,81.22,102.32,51.09
2016-02-17,98.12,58.77,43.49,82.0,102.5,52.42
2016-02-18,96.26,57.81,43.61,82.45,104.24,52.19
2016-02-19,96.04,57.82,43.77,82.5,104.16,51.82
2016-02-22,96.88,58.57,43.94,82.39,104.75,52.65
2016-02-23,94.69,56.12,43.69,81.23,104.08,51.18
2016-02-24,96.1,56.14,43.91,81.52,104.96,51.36
2016-02-25,96.76,57.01,44.16,82.01,106.38,52.1
2016-02-26,96.91,57.54,43.14,81.75,105.78,51.3
2016-02-29,96.69,56.3,43.13,80.15,105.21,50.88
2016-03-01,100.53,59.2,43.69,81.28,107.22,52.58
2016-03-02,100.75,59.76,43.77,82.7,107.04,52.95
2016-03-03,101.5,59.96,43.96,82.4,106.65,52.35
2016-03-04,103.01,60.05,44.11,82.29,106.5,52.03
2016-03-07,101.87,59.94,44.01,84.46,106.74,51.03
2016-03-08,101.03,58.78,44.32,82.63,106.22,51.65
2016-03-09,101.12,59.12,44.81,82.4,106.84,52.84
2016-03-10,101.17,58.61,45.23,82.18,107.14,52.05
2016-03-11,102.26,59.34,45.2,82.19,107.71,53.07
2016-03-14,102.52,59.12,45.29,82.41,107.66,53.17
2016-03-15,104.58,59.2,45.24,82.82,107.76,53.59
2016-03-16,105.97,58.92,45.05,82.87,107.41,54.35
2016-03-17,105.8,58.75,45.77,84.1,106.74,54.66
2016-03-18,105.92,60.48,45.6,84.2,107.5,53.49
2016-03-21,105.91,60.46,45.67,83.62,107.28,53.86
2016-03-22,106.72,60.24,45.5,84.12,107.38,54.07
2016-03-23,106.13,59.94,45.46,83.75,108.5,53.97
2016-03-24,105.67,59.48,45.58,83.98,108.31,54.21
2016-03-28,105.19,59.4,45.8,84.22,108.23,53.54
2016-03-29,107.68,59.03,46.48,84.53,109.14,54.71
2016-03-30,109.56,59.71,46.58,84.52,108.98,55.05
2016-03-31,108.99,59.22,46.39,83.59,108.2,55.23
2016-04-01,109.99,59.87,46.83,82.96,109.19,55.57
2016-04-04,111.12,59.2,46.89,83.16,108.59,55.43
2016-04-05,109.81,58.36,46.53,82.21,108.95,54.56
2016-04-06,110.96,58.81,46.71,83.31,109.42,55.12
2016-04-07,108.54,57.32,46.36,82.37,109.27,54.46
2016-04-08,108.66,57.74,46.87,83.21,109.1,54.42
2016-04-11,109.02,58.2,46.44,83.32,108.97,54.31
2016-04-12,110.44,59.28,46.65,84.35,109.6,54.65
2016-04-13,112.04,61.79,46.04,84.83,109.87,55.35
2016-04-14,112.1,62.59,45.83,85.43,109.84,55.36
2016-04-15,109.85,61.87,46.1,84.97,110.18,55.65
2016-04-18,107.48,62.27,46.22,85.78,110.93,56.46
2016-04-19,106.91,63.32,46.6,86.21,112.68,56.39
2016-04-20,107.13,64.24,44.37,86.8,113.58,55.59
2016-04-21,105.97,63.6,43.66,86.79,113.57,55.78
2016-04-22,105.68,63.97,44.54,87.53,113.32,51.78
2016-04-25,105.08,63.6,44.71,87.33,113.51,52.11
2016-04-26,104.35,63.93,44.53,87.63,112.91,51.44
2016-04-27,97.82,64.11,44.68,88.46,112.77,50.94
2016-04-28,94.83,63.6,44.63,88.03,112.48,49.9
2016-04-29,93.74,63.2,44.8,88.4,112.08,49.87
2016-05-02,93.64,63.79,44.98,89.13,112.75,50.61
2016-05-03,95.18,62.56,44.84,88.11,112.69,49.78
2016-05-04,94.19,61.57,44.98,87.94,112.22,49.87
2016-05-05,93.24,61.24,45.06,88.04,112.88,49.94
2016-05-06,92.72,61.6,45.32,88.51,112.74,50.39
2016-05-09,92.79,61.21,45.24,88.57,113.72,50.07
2016-05-10,93.42,62.04,45.75,89.99,114.67,51.02
2016-05-11,92.51,61.81,45.46,88.81,114.37,51.05
2016-05-12,90.34,61.77,45.83,89.67,114.23,51.51
2016-05-13,90.52,61.2,45.35,88.66,113.56,51.08
2016-05-16,93.88,61.66,45.62,89.57,114.44,51.83
2016-05-17,93.49,61.66,44.75,89.53,113.83,50.51
2016-05-18,94.56,64.04,44.48,89.35,113.59,50.81
2016-05-19,94.2,63.39,44.32,90.11,112.85,50.32
2016-05-20,95.22,63.51,43.95,89.74,112.64,50.62
2016-05-23,96.43,63.46,43.97,89.6,112.16,50.03
2016-05-24,97.9,64.54,44.37,89.67,112.69,51.59
2016-05-25,99.62,65.52,44.38,90.26,113.35,52.12
2016-05-26,100.41,65.03,44.69,89.8,112.9,51.89
2016-05-27,100.35,65.43,44.78,90.01,113.06,52.32
2016-05-31,99.86,65.27,44.6,89.02,112.69,53.0
2016-06-01,98.46,65.69,44.7,89.24,112.78,52.85
2016-06-02,97.72,65.81,44.72,88.53,114.49,52.48
2016-06-03,97.92,64.64,45.04,88.37,114.76,51.79
2016-06-06,98.63,65.28,45.37,89.34,115.77,52.13
2016-06-07,99.03,65.06,45.32,90.71,115.73,52.1
2016-06-08,98.94,65.25,45.55,90.79,115.8,52.04
2016-06-09,99.65,64.75,45.76,90.67,117.0,51.62
2016-06-10,98.83,63.84,45.99,89.98,117.01,51.48
2016-06-13,97.34,63.27,45.12,90.59,116.79,50.14
2016-06-14,97.46,62.08,45.04,90.43,117.12,49.83
2016-06-15,97.14,61.97,45.01,90.16,116.41,49.69
2016-06-16,97.55,62.22,45.31,91.22,116.64,50.39
2016-06-17,95.33,62.28,44.79,90.72,115.48,50.13
2016-06-20,95.1,62.37,44.98,91.12,116.54,50.07
2016-06-21,95.91,62.95,45.13,91.53,116.18,51.19
2016-06-22,95.55,62.71,44.86,91.17,116.46,50.99
2016-06-23,96.1,64.05,45.08,91.8,117.38,51.91
2016-06-24,93.4,59.6,43.93,89.39,115.63,49.83
2016-06-27,92.04,57.61,43.78,88.86,116.55,48.43
2016-06-28,93.59,59.52,44.18,90.91,118.23,49.44
2016-06-29,94.4,61.2,44.44,92.46,119.33,50.54
2016-06-30,95.6,62.14,45.33,93.74,121.3,51.17
2016-07-01,95.89,61.26,45.12,93.84,121.29,51.16
2016-07-05,94.99,59.55,45.43,93.02,122.27,51.17
2016-07-06,95.53,60.19,45.27,94.09,122.64,51.38
2016-07-07,95.94,60.58,45.09,92.96,122.51,51.38
2016-07-08,96.68,61.83,45.38,93.54,122.85,52.3
2016-07-11,96.98,62.27,45.57,93.89,122.93,52.59
2016-07-12,97.42,63.2,45.58,94.95,122.92,53.21
2016-07-13,96.87,63.16,45.74,94.88,123.0,53.51
2016-07-14,98.79,64.12,45.69,94.95,123.18,53.74
2016-07-15,98.78,64.18,45.63,95.12,123.0,53.7
2016-07-18,99.83,63.96,45.63,94.82,123.14,53.96
2016-07-19,99.87,63.86,45.63,94.47,125.25,53.09
2016-07-20,99.96,63.93,45.51,93.93,125.14,55.91
2016-07-21,99.43,63.69,45.45,93.85,125.15,55.8
2016-07-22,98.66,64.04,45.83,94.01,125.03,56.57
2016-07-25,97.34,63.87,45.57,92.2,124.89,56.73
2016-07-26,96.67,64.13,44.88,91.53,125.15,56.76
2016-07-27,102.95,64.33,43.4,90.91,124.77,56.19
2016-07-28,104.34,64.1,43.65,90.2,124.46,56.21
2016-07-29,104.21,63.97,43.63,88.95,125.23,56.68
2016-08-01,106.05,63.8,43.45,85.86,125.4,56.58
2016-08-02,104.48,63.65,43.53,87.04,124.85,56.58
2016-08-03,105.79,64.66,43.64,87.49,123.9,56.97
2016-08-04,105.87,64.56,43.51,87.48,123.86,57.39
2016-08-05,107.48,66.3,43.48,87.56,124.24,57.96
2016-08-08,108.37,66.1,43.44,88.59,123.65,58.06
2016-08-09,108.81,65.87,43.47,88.7,123.43,58.2
2016-08-10,108.0,65.28,43.61,86.41,123.36,58.02
2016-08-11,107.93,65.46,43.75,86.72,123.77,58.3
2016-08-12,108.18,65.32,44.03,87.85,123.22,57.94
2016-08-15,109.48,65.72,44.24,87.81,122.31,58.12
2016-08-16,109.38,65.71,43.83,87.92,120.33,57.44
2016-08-17,109.22,65.89,44.06,88.11,121.31,57.56
2016-08-18,109.08,65.95,44.1,88.91,120.72,57.6
2016-08-19,109.36,65.86,43.92,87.8,119.92,57.62
2016-08-22,108.51,65.8,43.74,87.99,119.13,57.67
2016-08-23,108.85,65.77,43.85,87.72,119.44,57.89
2016-08-24,108.03,65.95,43.85,88.02,118.71,57.95
2016-08-25,107.57,66.07,43.67,87.46,118.57,58.17
2016-08-26,106.94,66.22,43.32,87.27,119.04,58.03
2016-08-29,106.82,66.95,43.54,87.84,119.92,58.1
2016-08-30,106.0,67.5,43.24,87.52,119.47,57.89
2016-08-31,106.1,67.5,43.43,87.14,119.34,57.46
2016-09-01,106.73,67.21,43.35,86.84,119.08,57.59
2016-09-02,107.73,67.49,43.66,87.42,119.32,57.67
2016-09-06,107.7,67.44,43.79,88.57,119.75,57.61
2016-09-07,108.36,67.16,43.64,88.24,119.61,57.66
2016-09-08,105.52,67.25,43.63,89.05,119.47,57.43
2016-09-09,103.13,66.65,42.27,86.84,118.23,56.21
2016-09-12,105.44,67.06,43.19,87.29,119.16,57.05
2016-09-13,107.95,66.53,42.28,85.21,117.61,56.53
2016-09-14,111.77,66.4,42.11,84.6,117.86,56.26
2016-09-15,115.57,66.64,42.36,85.08,118.63,57.19
2016-09-16,114.92,65.82,42.14,84.03,118.25,57.25
2016-09-19,113.58,66.19,42.1,83.83,117.66,56.93
2016-09-20,113.57,66.46,42.34,82.54,117.95,56.81
2016-09-21,113.55,66.84,42.53,83.3,118.91,57.76
2016-09-22,114.62,67.39,42.96,83.54,119.46,57.82
2016-09-23,112.71,67.25,42.74,83.45,118.81,57.43
2016-09-26,112.88,65.78,42.05,83.06,117.78,56.9
2016-09-27,113.09,66.36,42.59,83.24,119.22,57.95
2016-09-28,113.95,66.71,42.15,86.9,119.39,58.03
2016-09-29,112.18,65.65,42.03,86.46,117.27,57.4
2016-09-30,113.05,66.59,42.32,87.28,118.13,57.6
2016-10-03,112.52,66.51,42.03,87.05,118.81,57.42
2016-10-04,113.0,66.6,41.84,86.25,118.82,57.24
2016-10-05,113.05,67.69,41.81,87.0,119.18,57.64
2016-10-06,113.89,67.87,41.71,87.04,118.75,57.74
2016-10-07,114.06,68.11,41.73,86.74,119.24,57.8
2016-10-10,116.05,68.64,41.73,88.44,119.8,58.04
2016-10-11,116.3,68.31,41.54,87.74,117.64,57.19
2016-10-12,117.34,68.13,41.78,87.13,117.97,57.11
2016-10-13,116.98,67.74,41.76,86.56,118.26,56.92
2016-10-14,117.63,67.52,41.67,86.54,117.56,57.42
2016-10-17,117.55,67.17,41.6,86.54,118.49,57.22
2016-10-18,117.47,67.7,41.97,86.77,115.41,57.66
2016-10-19,117.12,68.35,42.05,87.17,114.59,57.53
2016-10-20,117.06,68.26,41.93,87.21,114.87,57.25
2016-10-21,116.6,68.49,42.13,86.62,113.44,59.66
2016-10-24,117.65,68.87,42.56,86.91,113.61,61.0
2016-10-25,118.25,68.8,42.54,86.72,113.96,60.99
2016-10-26,115.59,69.13,42.44,87.09,114.56,60.63
2016-10-27,114.48,69.23,42.12,86.92,115.7,60.1
2016-10-28,113.72,69.11,42.23,84.78,115.33,59.87
2016-10-31,113.54,69.26,42.4,83.32,115.99,59.92
2016-11-01,111.49,68.97,42.12,83.65,115.34,59.8
2016-11-02,111.59,68.68,42.05,83.45,114.86,59.43
2016-11-03,109.83,68.38,42.03,83.66,115.03,59.21
2016-11-04,108.84,67.76,41.69,83.57,115.11,58.71
2016-11-07,110.41,69.88,42.46,85.45,116.66,60.42
2016-11-08,111.06,70.03,42.88,85.31,117.05,60.47
2016-11-09,110.88,73.25,42.27,86.25,120.31,60.17
2016-11-10,107.79,76.65,40.94,87.05,119.54,58.7
2016-11-11,108.43,76.69,41.03,85.67,118.47,59.02
2016-11-14,105.71,79.51,41.17,85.28,116.6,58.12
2016-11-15,107.11,79.36,41.44,86.82,116.32,58.87
2016-11-16,109.99,77.4,41.26,85.75,116.36,59.65
2016-11-17,109.95,78.02,41.12,85.23,116.57,60.64
2016-11-18,110.06,77.71,40.91,85.28,115.36,60.35
2016-11-21,111.73,78.05,41.36,86.49,115.0,60.86
2016-11-22,111.8,78.53,41.37,86.68,112.74,61.12
2016-11-23,111.23,78.86,41.12,86.92,113.07,60.4
2016-11-25,111.79,78.83,41.53,87.12,114.13,60.53
2016-11-28,111.57,78.32,41.75,86.47,113.13,60.61
2016-11-29,111.46,78.92,41.15,85.9,112.48,61.09
2016-11-30,110.52,80.17,40.35,87.3,111.3,60.26
2016-12-01,109.49,81.79,40.17,87.24,111.38,59.2
2016-12-02,109.9,81.6,40.36,87.04,111.96,59.25
2016-12-05,109.11,83.26,40.62,87.48,111.94,60.22
2016-12-06,109.95,83.69,40.57,87.56,112.06,59.95
2016-12-07,111.03,84.07,41.29,88.07,111.1,61.37
2016-12-08,112.12,85.12,40.98,88.32,110.99,61.01
2016-12-09,113.95,85.49,42.0,89.0,112.26,61.97
2016-12-12,113.3,84.73,41.9,90.98,115.36,62.17
2016-12-13,115.19,84.76,41.76,92.58,115.89,62.98
2016-12-14,115.19,84.73,41.21,90.58,114.99,62.68
2016-12-15,115.82,86.0,41.55,90.89,115.89,62.58
2016-12-16,115.97,84.94,41.74,91.18,115.88,62.3
2016-12-19,116.64,85.43,41.67,90.42,116.02,63.62
2016-12-20,116.95,86.53,41.66,90.43,115.66,63.54
2016-12-21,117.06,86.75,41.57,90.28,115.31,63.54
2016-12-22,116.29,86.89,41.55,90.87,115.44,63.55
2016-12-23,116.52,87.05,41.6,90.71,115.96,63.24
2016-12-27,117.26,87.13,41.61,90.75,115.91,63.28
2016-12-28,116.76,86.5,41.39,90.3,115.1,62.99
2016-12-29,116.73,85.89,41.6,90.35,115.49,62.9
2016-12-30,115.82,86.29,41.46,90.26,115.21,62.14
2017-01-03,116.15,87.23,41.8,90.89,115.84,62.58
2017-01-04,116.02,86.91,41.65,89.89,115.65,62.3
2017-01-05,116.61,86.11,41.75,88.55,116.86,62.3
2017-01-06,117.91,86.12,41.74,88.5,116.3,62.84
2017-01-09,118.99,86.18,41.32,87.04,116.28,62.64
2017-01-10,119.11,86.43,41.04,85.93,116.16,62.62
2017-01-11,119.75,87.08,41.05,86.81,114.73,63.19
2017-01-12,119.25,86.24,40.95,86.34,114.62,62.61
2017-01-13,119.04,86.7,40.88,86.35,114.6,62.7
2017-01-17,120.0,83.55,41.22,87.36,114.87,62.53
2017-01-18,119.99,83.94,41.29,86.28,114.7,62.5
2017-01-19,119.78,83.3,41.14,84.73,114.2,62.3
2017-01-20,120.0,83.67,41.32,85.89,114.15,62.74
2017-01-23,120.08,83.71,41.43,84.97,113.91,62.96
2017-01-24,119.97,84.72,41.9,85.09,111.76,63.52
2017-01-25,121.88,86.03,42.12,85.34,112.8,63.68
2017-01-26,121.94,86.75,41.81,85.6,111.84,64.27
2017-01-27,121.95,86.93,41.45,85.51,113.38,65.78
2017-01-30,121.63,86.03,41.38,84.86,113.13,65.13
2017-01-31,121.35,84.63,41.57,83.89,113.25,64.65
2017-02-01,128.75,84.95,41.26,82.94,113.23,63.58
2017-02-02,128.53,84.59,41.4,83.45,113.57,63.17
2017-02-03,129.08,87.18,41.54,83.54,113.64,63.68
2017-02-06,130.29,86.77,41.56,83.31,113.4,63.64
2017-02-07,131.53,86.72,41.9,82.77,113.48,63.43
2017-02-08,132.04,85.96,42.02,81.48,113.4,63.34
2017-02-09,132.42,87.2,41.25,81.84,114.08,64.06
2017-02-10,132.12,87.0,40.58,82.52,115.24,64.0
2017-02-13,133.29,88.15,40.62,83.0,115.88,64.72
2017-02-14,135.02,89.56,40.53,82.82,116.36,64.57
2017-02-15,135.51,90.59,40.44,83.16,117.2,64.53
2017-02-16,135.34,90.53,41.2,82.3,118.08,64.52
2017-02-17,135.72,90.23,41.23,81.76,118.86,64.62
2017-02-21,136.7,91.01,41.46,81.89,119.66,64.49
2017-02-22,137.11,91.06,41.6,80.93,119.52,64.36
2017-02-23,136.53,91.13,41.66,81.78,121.7,64.62
2017-02-24,136.66,90.33,41.78,81.08,122.73,64.62
2017-02-27,136.93,90.43,41.67,81.54,122.4,64.23
2017-02-28,136.99,90.62,41.96,81.32,122.21,63.98
2017-03-01,139.79,93.6,42.16,83.02,123.86,64.94
2017-03-02,138.96,92.14,42.47,83.3,123.63,64.01
2017-03-03,139.78,92.8,42.48,82.46,123.79,64.25
2017-03-06,139.34,91.92,42.18,82.83,123.71,64.27
2017-03-07,139.52,91.41,41.99,82.52,123.83,64.4
2017-03-08,139.0,91.21,41.99,81.03,124.1,64.99
2017-03-09,138.68,91.57,42.03,81.67,125.95,64.73
2017-03-10,139.14,91.28,42.29,81.61,126.21,64.93
2017-03-13,139.2,91.36,42.03,81.42,126.68,64.71
2017-03-14,138.99,91.51,41.97,80.99,127.05,64.41
2017-03-15,140.46,91.73,42.12,82.0,128.96,64.75
2017-03-16,140.69,91.64,42.25,82.07,128.46,64.64
2017-03-17,139.99,90.68,42.03,82.0,128.06,64.87
2017-03-20,141.46,90.03,42.18,82.0,128.07,64.93
2017-03-21,139.84,87.39,42.5,81.83,127.25,64.21
2017-03-22,141.42,87.53,42.38,81.76,126.26,65.03
2017-03-23,140.92,87.39,42.17,81.86,125.9,64.87
2017-03-24,140.64,87.29,42.12,81.23,125.48,64.98
2017-03-27,140.88,87.24,42.32,81.25,125.8,65.1
2017-03-28,143.8,88.6,42.43,81.84,125.66,65.29
2017-03-29,144.12,88.27,42.42,82.02,124.92,65.47
2017-03-30,143.93,89.03,42.6,83.7,124.66,65.71
2017-03-31,143.66,87.84,42.44,82.01,124.55,65.86
2017-04-03,143.7,87.52,42.41,82.07,124.69,65.55
2017-04-04,144.77,87.31,42.68,82.37,124.68,65.73
2017-04-05,144.02,86.19,42.57,82.53,124.8,65.56
2017-04-06,143.66,86.48,42.67,83.01,125.05,65.73
2017-04-07,143.34,86.18,42.61,82.76,124.92,65.68
2017-04-10,143.17,85.88,42.69,83.13,124.34,65.53
2017-04-11,141.63,85.73,42.66,82.84,124.22,65.48
2017-04-12,141.8,85.4,42.94,82.97,125.4,65.23
2017-04-13,141.05,84.4,42.79,81.69,124.99,64.95
2017-04-17,141.83,85.86,43.07,81.58,125.72,65.48
2017-04-18,141.2,85.16,43.48,81.05,121.82,65.39
2017-04-19,140.68,84.46,43.23,80.49,121.37,65.04
2017-04-20,142.44,85.55,43.09,81.01,121.87,65.5
2017-04-21,142.27,84.52,43.07,80.69,121.76,66.4
2017-04-24,143.64,87.5,43.28,81.11,122.89,67.53
2017-04-25,144.53,88.26,43.11,81.73,123.43,67.92
2017-04-26,143.68,88.43,43.24,81.4,123.51,67.83
2017-04-27,143.79,87.61,43.01,81.26,123.74,68.27
2017-04-28,143.65,87.0,43.15,81.65,123.47,68.46
2017-05-01,146.58,87.06,43.22,82.06,123.34,69.41
2017-05-02,147.51,86.5,43.39,82.05,123.7,69.3
2017-05-03,147.06,87.0,43.32,82.7,123.33,69.08
2017-05-04,146.53,87.1,43.66,81.64,123.95,68.81
2017-05-05,148.96,87.0,43.69,82.02,123.51,69.0
2017-05-08,153.01,87.1,43.89,82.89,123.25,68.94
2017-05-09,153.99,86.75,43.51,82.31,123.21,69.04
2017-05-10,153.26,87.43,43.57,81.91,122.81,69.31
2017-05-11,153.95,87.16,43.67,82.61,123.2,68.46
2017-05-12,156.1,86.92,43.59,82.55,123.64,68.38
2017-05-15,155.7,87.34,43.73,82.8,126.99,68.43
2017-05-16,155.47,87.61,43.85,82.55,127.77,69.41
2017-05-17,150.25,84.27,43.93,81.99,126.67,67.48
2017-05-18,152.54,83.96,43.8,81.75,126.97,67.71
2017-05-19,153.06,84.78,43.9,81.93,127.0,67.69
2017-05-22,153.99,84.7,44.18,82.29,127.26,68.45
2017-05-23,153.8,85.76,44.39,82.58,127.52,68.68
2017-05-24,153.34,85.71,45.03,82.29,127.51,68.77
2017-05-25,153.87,85.35,45.41,81.75,127.53,69.62
2017-05-26,153.61,85.36,45.39,81.55,126.92,69.96
2017-05-30,153.67,83.9,45.43,81.1,127.11,70.41
2017-05-31,152.76,82.15,45.47,80.5,128.25,69.84
2017-06-01,153.18,83.06,45.79,80.7,128.78,70.1
2017-06-02,155.45,82.64,45.89,79.5,130.08,71.76
2017-06-05,153.93,82.79,45.99,80.12,130.36,72.28
2017-06-06,154.45,82.96,45.98,81.21,130.83,72.52
2017-06-07,155.37,83.91,45.51,80.91,130.75,72.39
2017-06-08,154.99,84.95,45.13,80.62,130.55,71.95
2017-06-09,148.98,86.96,45.32,82.13,131.53,70.32
2017-06-12,145.42,86.98,45.33,82.93,131.82,69.78
2017-06-13,146.59,87.27,45.03,82.96,132.02,70.65
2017-06-14,145.16,87.09,45.3,82.07,132.77,70.27
2017-06-15,144.29,86.57,45.25,82.26,133.04,69.9
2017-06-16,142.27,86.18,45.31,83.49,134.35,70.0
2017-06-19,146.34,88.07,45.38,82.76,134.07,70.87
2017-06-20,145.01,87.52,45.61,82.31,134.22,69.91
2017-06-21,145.87,87.12,45.22,81.44,134.91,70.27
2017-06-22,145.63,87.02,45.07,81.08,136.05,70.26
2017-06-23,146.28,86.86,45.25,81.61,136.43,71.21
2017-06-26,145.82,87.24,45.43,81.24,136.34,70.53
2017-06-27,143.73,88.05,45.05,81.11,135.01,69.21
2017-06-28,145.83,89.82,45.32,81.53,133.82,69.8
2017-06-29,143.68,91.15,44.83,80.7,132.64,68.49
2017-06-30,144.02,91.4,44.85,80.73,132.29,68.93
2017-07-03,143.5,92.75,44.76,82.1,132.9,68.17
2017-07-05,144.09,93.68,44.82,80.85,133.64,69.08
2017-07-06,142.73,93.38,44.4,80.12,132.52,68.57
2017-07-07,144.18,93.85,44.39,80.22,132.54,69.46
2017-07-10,145.06,93.19,44.38,80.16,131.55,69.98
2017-07-11,145.53,92.83,44.33,80.6,131.23,69.99
2017-07-12,145.74,92.51,44.51,80.96,132.23,71.15
2017-07-13,147.77,93.1,44.43,80.97,131.86,71.77
2017-07-14,149.04,92.25,44.68,81.28,132.6,72.78
2017-07-17,149.56,91.39,44.73,80.86,132.15,73.35
2017-07-18,150.08,91.07,44.67,80.6,134.46,73.3
2017-07-19,151.02,91.2,44.83,80.85,135.21,73.86
2017-07-20,150.34,91.2,44.82,80.86,136.57,74.22
2017-07-21,150.27,90.89,45.03,80.12,135.31,73.79
2017-07-24,152.09,91.28,44.84,79.87,133.01,73.6
2017-07-25,152.74,92.8,45.24,80.27,131.88,74.19
2017-07-26,153.46,91.93,45.74,80.37,130.95,74.05
2017-07-27,150.56,91.55,46.12,80.83,130.83,73.16
2017-07-28,149.5,91.28,46.01,79.6,131.85,73.04
2017-07-31,148.73,91.8,45.84,80.04,132.72,72.7
2017-08-01,150.05,93.03,45.7,80.17,132.51,72.58
2017-08-02,157.14,93.11,45.59,80.6,132.16,72.26
2017-08-03,155.57,92.5,45.67,80.49,133.35,72.15
2017-08-04,156.39,93.66,45.5,80.21,133.18,72.68
2017-08-07,158.81,94.02,45.64,80.16,132.86,72.4
2017-08-08,160.08,93.68,45.6,79.96,132.27,72.79
2017-08-09,161.06,93.53,45.59,80.21,133.23,72.47
2017-08-10,155.32,92.19,45.74,78.97,133.09,71.41
2017-08-11,157.48,91.42,45.59,78.21,133.1,72.5
2017-08-14,159.85,92.49,45.8,78.23,133.48,73.59
2017-08-15,161.6,92.73,46.19,78.04,133.38,73.22
2017-08-16,160.95,92.09,46.2,77.47,134.17,73.65
2017-08-17,157.86,90.65,45.86,76.26,133.04,72.4
2017-08-18,157.5,90.74,45.67,76.64,132.63,72.49
2017-08-21,157.21,90.63,45.68,76.38,133.45,72.15
2017-08-22,159.78,91.56,45.6,76.74,134.7,73.16
2017-08-23,159.98,91.67,45.54,76.61,132.8,72.72
2017-08-24,159.27,91.52,45.41,76.33,132.89,72.69
2017-08-25,159.86,91.89,45.57,76.72,131.68,72.82
2017-08-28,161.47,91.6,45.42,76.47,131.74,72.83
2017-08-29,162.91,91.1,45.45,76.45,132.21,73.05
2017-08-30,163.35,91.31,45.39,76.1,131.07,74.01
2017-08-31,164.0,90.89,45.55,76.33,132.37,74.77
2017-09-01,164.05,91.7,45.78,76.57,131.03,73.94
2017-09-05,162.08,89.51,45.92,77.18,129.9,73.61
2017-09-06,161.91,90.11,45.96,78.78,130.67,73.4
2017-09-07,161.26,88.53,46.28,79.03,132.19,74.34
2017-09-08,158.63,88.42,46.3,78.82,130.98,73.98
2017-09-11,161.5,89.79,46.52,79.25,133.21,74.76
2017-09-12,160.86,90.89,46.72,79.5,132.63,74.68
2017-09-13,159.65,91.15,46.87,79.77,132.45,75.21
2017-09-14,158.28,90.97,46.11,80.09,134.18,74.77
2017-09-15,159.88,91.62,46.18,80.07,134.45,75.31
2017-09-18,158.67,92.92,46.11,80.09,135.38,75.16
2017-09-19,158.73,93.94,45.98,80.22,135.22,75.44
2017-09-20,156.07,94.6,45.78,80.55,133.22,74.94
2017-09-21,153.39,95.03,45.4,79.89,131.75,74.21
2017-09-22,151.89,94.83,45.49,79.92,131.39,74.41
2017-09-25,150.55,94.12,45.69,80.98,131.17,73.26
2017-09-26,153.14,93.7,45.57,80.89,130.94,73.26
2017-09-27,154.23,95.18,44.64,81.43,129.75,73.85
2017-09-28,153.28,95.38,44.91,82.19,129.47,73.87
2017-09-29,154.12,95.51,45.01,81.98,130.01,74.49
2017-10-02,153.81,96.84,44.8,81.63,131.22,74.61
2017-10-03,154.48,97.35,45.19,81.76,132.1,74.26
2017-10-04,153.48,96.36,45.5,81.79,132.89,74.69
2017-10-05,155.39,97.09,45.52,82.02,133.19,75.97
2017-10-06,155.3,96.92,45.49,81.71,133.22,76.0
2017-10-09,155.84,96.41,45.41,82.03,133.45,76.29
2017-10-10,155.9,97.13,45.87,82.26,133.9,76.29
2017-10-11,156.55,96.26,46.05,82.22,136.04,76.42
2017-10-12,156.0,95.99,46.11,82.43,136.83,77.12
2017-10-13,156.99,95.86,46.18,82.41,136.43,77.49
2017-10-16,159.88,97.84,46.62,82.81,136.12,77.65
2017-10-17,160.47,97.62,46.52,82.96,140.79,77.59
2017-10-18,159.76,97.99,46.4,82.76,140.68,77.61
2017-10-19,155.98,98.11,46.59,82.74,142.04,77.91
2017-10-20,156.25,99.51,46.38,83.11,142.4,78.81
2017-10-23,156.17,99.34,46.32,83.24,143.62,78.83
2017-10-24,157.1,100.92,46.18,83.47,141.64,78.86
2017-10-25,156.41,101.02,46.05,83.17,142.36,78.63
2017-10-26,157.41,101.74,46.23,83.47,141.81,78.76
2017-10-27,163.05,101.77,46.07,83.71,141.78,83.81
2017-10-30,166.72,101.41,45.86,83.54,140.0,83.89
2017-10-31,169.04,100.61,45.98,83.35,139.41,83.18
2017-11-01,166.89,100.92,45.8,83.87,139.98,83.18
2017-11-02,168.11,101.59,45.88,83.53,139.93,84.05
2017-11-03,172.5,101.41,45.97,83.18,140.08,84.14
2017-11-06,174.25,100.78,45.47,83.75,139.76,84.47
2017-11-07,174.81,98.75,45.94,83.58,139.77,84.27
2017-11-08,176.24,97.64,46.18,83.47,141.32,84.56
2017-11-09,175.88,97.63,46.23,83.97,140.35,84.09
2017-11-10,174.67,97.51,46.54,82.94,139.56,83.87
2017-11-13,173.97,97.86,46.72,82.89,139.76,83.93
2017-11-14,171.34,97.27,47.43,82.24,139.49,84.05
2017-11-15,169.08,98.19,46.81,81.21,139.1,82.98
2017-11-16,171.1,98.47,46.55,80.56,138.87,83.2
2017-11-17,170.15,98.14,45.71,80.24,138.0,82.4
2017-11-20,169.98,99.01,45.46,80.55,137.93,82.53
2017-11-21,173.14,98.93,45.78,80.87,138.34,83.72
2017-11-22,174.96,98.64,45.84,81.1,137.29,83.11
2017-11-24,174.97,98.32,45.88,81.42,138.01,83.26
2017-11-27,174.09,97.93,45.9,81.11,138.1,83.87
2017-11-28,173.07,101.36,45.83,81.67,140.02,84.88
2017-11-29,169.48,103.73,45.5,82.27,139.81,83.34
2017-11-30,171.85,104.52,45.77,83.29,139.33,84.17
2017-12-01,171.05,104.79,45.97,83.46,139.98,84.26
2017-12-04,169.8,106.95,46.23,83.57,139.01,81.08
2017-12-05,169.64,105.72,46.26,82.89,139.67,81.59
2017-12-06,169.01,104.93,46.45,82.28,141.06,82.78
2017-12-07,169.32,104.62,45.78,82.55,140.01,82.49
2017-12-08,169.37,105.93,45.31,82.66,140.59,84.16
2017-12-11,172.67,105.62,45.33,83.03,141.14,85.23
2017-12-12,171.7,106.85,45.29,82.76,142.6,85.58
2017-12-13,172.27,105.51,45.9,83.12,142.89,85.35
2017-12-14,172.22,104.66,46.03,82.9,141.65,84.69
2017-12-15,173.97,106.14,46.19,83.03,142.46,86.85
2017-12-18,176.42,106.96,45.93,82.94,141.8,86.38
2017-12-19,174.54,106.51,46.13,82.44,141.78,85.83
2017-12-20,174.35,106.14,46.08,82.87,141.16,85.52
2017-12-21,175.01,107.83,45.6,83.85,141.06,85.5
2017-12-22,175.01,107.45,45.59,83.97,140.12,85.51
2017-12-26,170.57,107.02,45.81,83.98,140.09,85.4
2017-12-27,170.6,107.22,45.93,83.9,140.57,85.71
2017-12-28,171.08,107.79,45.72,84.02,140.56,85.72
2017-12-29,169.23,106.94,45.88,83.64,139.72,85.54
